Designator,Mid X,Mid Y,Rotation,Layer
C1,173.7,-148.5,0.0,bottom
C10,173.7,-152.65,0.0,bottom
C100,210.925,-161.345,180.0,top
C101,202.655,-156.845,270.0,top
C102,210.925,-160.345,180.0,top
C103,199.155,-168.095,90.0,top
C104,190.965,-149.250001,0.0,top
C105,199.715,-149.190001,180.0,top
C106,195.965,-150.750001,90.0,top
C107,199.715,-148.250001,180.0,top
C108,190.985,-147.250001,0.0,top
C109,198.155,-145.250001,270.0,top
C11,173.7,-153.7,0.0,bottom
C110,196.185,-145.250001,270.0,top
C111,194.215,-145.250001,270.0,top
C112,183.050002,-135.300001,180.0,top
C113,165.175,-191.02,270.0,top
C114,164.175,-191.02,270.0,top
C115,161.175,-191.02,270.0,top
C116,160.175,-191.02,270.0,top
C117,157.175,-191.02,270.0,top
C118,156.175,-191.02,270.0,top
C119,152.175,-191.02,270.0,top
C12,173.8,-155.5,0.0,bottom
C120,151.185,-191.02,270.0,top
C121,178.300002,-136.800001,90.0,top
C122,137.884,-168.6,90.0,top
C123,167.4,-137.68,270.0,bottom
C124,171.95,-137.67,270.0,bottom
C125,166.35,-137.68,270.0,bottom
C126,173.0,-137.68,270.0,bottom
C127,168.45,-137.68,270.0,bottom
C128,174.05,-137.67,270.0,bottom
C129,169.5,-137.68,270.0,bottom
C13,173.7,-149.5,0.0,bottom
C130,133.384,-168.6,270.0,top
C131,135.9351,-144.695,270.0,top
C132,136.9351,-144.695,270.0,top
C133,183.149999,-175.649999,270.0,top
C134,111.5,-145.7,0.0,top
C135,115.28,-147.2,180.0,top
C136,111.5,-144.7,0.0,top
C137,115.28,-148.3,180.0,top
C138,111.5,-142.5,0.0,top
C139,115.3,-150.5,180.0,top
C14,173.8,-156.7,0.0,bottom
C140,108.4,-140.5,90.0,top
C141,117.8,-152.48,270.0,top
C142,108.5,-137.5,90.0,top
C143,117.8,-155.5,270.0,top
C144,107.4,-137.5,90.0,top
C145,118.9,-155.5,270.0,top
C146,118.7,-139.3,180.0,top
C147,108.1,-153.8,0.0,top
C148,118.7,-137.7,180.0,top
C149,108.1,-155.3,0.0,top
C15,173.8,-157.75,0.0,bottom
C150,112.5,-134.5,0.0,top
C151,114.9,-135.6,180.0,top
C152,114.3,-158.2,180.0,top
C153,111.92,-157.4,0.0,top
C154,114.9,-134.5,180.0,top
C155,111.9,-158.5,0.0,top
C156,114.9,-133.4,180.0,top
C157,111.9,-159.6,0.0,top
C158,182.7,-152.1,180.0,bottom
C16,173.8,-158.8,0.0,bottom
C17,118.239,-185.02415,270.0,top
C18,132.289,-185.02415,270.0,top
C19,166.75,-145.8,270.0,bottom
C2,165.3,-153.17,180.0,bottom
C20,173.8,-163.0,0.0,bottom
C21,120.789,-174.67415,90.0,top
C22,134.789,-174.77415,90.0,top
C23,173.8,-159.85,0.0,bottom
C24,116.384,-170.05,90.0,top
C25,126.0625,-168.6,270.0,top
C26,173.8,-160.9,0.0,bottom
C27,169.05,-153.4,0.0,bottom
C28,173.8,-161.95,0.0,bottom
C29,169.05,-154.65,0.0,bottom
C3,118.134,-169.55,0.0,top
C30,122.529,-172.17415,0.0,top
C31,136.239,-171.82415,0.0,top
C32,159.6,-138.5,270.0,bottom
C33,150.9,-141.9,180.0,bottom
C34,150.9,-150.2,180.0,bottom
C35,150.9,-167.6,180.0,bottom
C36,160.2,-170.1,90.0,bottom
C37,158.4,-138.5,270.0,bottom
C38,150.9,-144.2,180.0,bottom
C39,150.9,-151.4,180.0,bottom
C4,128.3125,-168.6,90.0,top
C40,150.9,-166.37,180.0,bottom
C41,158.95,-170.1,90.0,bottom
C42,157.3,-138.5,270.0,bottom
C43,150.9,-143.1,180.0,bottom
C44,150.9,-152.5,180.0,bottom
C45,150.9,-165.32,180.0,bottom
C46,157.9,-170.1,90.0,bottom
C47,155.1,-138.5,270.0,bottom
C48,150.9,-146.4,180.0,bottom
C49,150.9,-154.7,180.0,bottom
C5,119.939,-184.62415,180.0,top
C50,150.9,-163.22,180.0,bottom
C51,154.75,-170.1,90.0,bottom
C52,152.9,-138.5,270.0,bottom
C53,150.9,-147.5,180.0,bottom
C54,150.9,-156.9,180.0,bottom
C55,150.9,-161.12,180.0,bottom
C56,156.85,-170.1,90.0,bottom
C57,156.2,-138.5,270.0,bottom
C58,150.9,-145.3,180.0,bottom
C59,150.9,-153.6,180.0,bottom
C6,134.039,-184.52415,180.0,top
C60,150.9,-164.27,180.0,bottom
C61,155.8,-170.1,90.0,bottom
C62,154.0,-138.5,270.0,bottom
C63,150.9,-148.6,180.0,bottom
C64,150.9,-155.8,180.0,bottom
C65,150.9,-162.17,180.0,bottom
C66,153.7,-170.1,90.0,bottom
C67,182.7,-144.1,0.0,bottom
C68,166.6,-166.6,180.0,bottom
C69,173.5,-170.2,90.0,bottom
C7,173.7,-150.55,0.0,bottom
C70,182.7,-145.3,0.0,bottom
C71,166.6,-165.35,180.0,bottom
C72,172.3,-170.2,90.0,bottom
C73,182.7,-146.35,0.0,bottom
C74,166.6,-164.3,180.0,bottom
C75,171.25,-170.2,90.0,bottom
C76,182.7,-147.4,0.0,bottom
C77,166.6,-163.25,180.0,bottom
C78,170.2,-170.2,90.0,bottom
C79,182.7,-148.45,0.0,bottom
C8,165.3,-152.1,180.0,bottom
C80,166.6,-162.2,180.0,bottom
C81,169.15,-170.2,90.0,bottom
C82,182.7,-149.5,0.0,bottom
C83,166.6,-161.15,180.0,bottom
C84,168.1,-170.2,90.0,bottom
C85,182.7,-150.55,0.0,bottom
C86,166.59,-160.1,180.0,bottom
C87,167.05,-170.2,90.0,bottom
C88,108.0,-116.6,180.0,top
C89,108.0,-115.6,180.0,top
C9,173.7,-151.6,0.0,bottom
C90,108.0,-114.6,180.0,top
C91,108.0,-113.6,180.0,top
C92,100.12,-147.494921,180.0,top
C93,106.3,-118.375,270.0,top
C94,100.1,-145.494921,180.0,top
C95,117.383997,-105.992496,270.0,top
C96,118.383997,-105.972496,270.0,top
C97,210.925,-164.345,180.0,top
C98,210.925,-163.345,180.0,top
C99,210.925,-162.345,180.0,top
D1,126.5,-100.5,90.0,bottom
D2,128.5,-100.5,90.0,bottom
D3,130.5,-100.5,90.0,bottom
D4,132.5,-100.5,90.0,bottom
D5,134.5,-100.5,90.0,bottom
D6,136.5,-100.5,90.0,bottom
D7,138.5,-100.5,90.0,bottom
H1,93.975,-193.025,0.0,top
H2,94.275,-97.775,0.0,top
IC1,113.4,-139.05,90.0,top
IC2,113.4,-153.95,270.0,top
J1,95.857801,-110.899999,270.0,top
J2,90.518749,-157.67343,270.0,top
J3,90.515,-134.688861,270.0,top
J4,151.8,-98.93,90.0,top
J5,152.68,-198.37,0.0,top
L1,121.839,-185.03915,270.0,top
L2,135.789,-185.02415,270.0,top
L3,177.075002,-135.300001,180.0,top
R1,133.539,-174.77415,90.0,top
R10,135.789,-173.27415,90.0,top
R11,94.45,-180.7,0.0,bottom
R12,109.3,-107.9,0.0,top
R13,102.45,-170.55,180.0,bottom
R14,109.3,-112.0,0.0,top
R15,115.2,-106.0,90.0,top
R16,102.9,-168.69,90.0,bottom
R17,109.3,-108.9,0.0,top
R18,94.45,-178.15,0.0,bottom
R19,109.3,-110.9,0.0,top
R2,119.539,-174.67415,90.0,top
R20,94.45,-170.55,180.0,bottom
R21,109.29,-109.9,0.0,top
R22,105.3,-118.4,270.0,top
R23,102.51,-173.1,180.0,bottom
R24,94.45,-173.1,180.0,bottom
R25,102.46,-175.65,180.0,bottom
R26,94.45,-175.65,180.0,bottom
R27,126.5,-97.35,90.0,bottom
R28,128.5,-97.35,90.0,bottom
R29,130.5,-97.35,90.0,bottom
R3,114.384,-171.05,180.0,top
R30,132.5,-97.35,90.0,bottom
R31,134.5,-97.35,90.0,bottom
R32,136.5,-97.35,90.0,bottom
R33,138.5,-97.4,90.0,bottom
R34,200.155,-168.095,90.0,top
R35,125.1,-136.44,180.0,top
R36,125.1,-134.45,180.0,top
R37,125.1,-138.35,180.0,top
R38,197.965,-149.750001,90.0,top
R39,196.965,-150.750001,90.0,top
R4,114.384,-169.55,180.0,top
R40,141.25,-191.25,90.0,top
R41,140.25,-191.24,90.0,top
R42,177.075002,-134.300001,180.0,top
R43,179.550002,-132.550001,180.0,top
R44,181.800002,-132.550001,180.0,top
R45,148.5,-187.25,90.0,top
R46,147.5,-187.24,270.0,bottom
R47,135.634,-168.6,90.0,top
R48,141.6851,-148.175,180.0,top
R49,114.3,-142.5,180.0,top
R5,120.789,-172.67415,270.0,top
R50,114.31,-143.6,0.0,top
R51,112.5,-150.5,0.0,top
R52,112.5,-149.4,180.0,top
R53,111.5,-143.6,0.0,top
R54,115.3,-149.4,180.0,top
R55,116.9,-142.4,0.0,top
R56,110.0,-150.5,180.0,top
R57,106.2,-137.5,270.0,top
R58,120.0,-155.5,90.0,top
R59,112.49,-133.4,0.0,top
R6,134.789,-172.77415,270.0,top
R60,114.3,-159.3,180.0,top
R61,166.54,-156.2,0.0,bottom
R62,164.9,-138.19,270.0,bottom
R63,166.54,-158.3,0.0,bottom
R64,166.55,-157.25,0.0,bottom
R65,164.6,-170.2,270.0,top
R66,175.15,-145.3,180.0,bottom
R67,165.1,-137.7,90.0,top
R68,173.6,-147.25,180.0,bottom
R69,170.95,-132.2,90.0,bottom
R7,122.529,-175.17415,0.0,top
R70,166.75,-149.9,90.0,bottom
R71,163.75,-138.2,270.0,bottom
R8,136.289,-175.27415,0.0,top
R9,122.029,-173.67415,90.0,top
SW1,96.14,-179.46,0.0,top
U1,166.75,-154.25,180.0,top
U10,194.615,-148.25,180.0,top
U11,180.25,-134.799999,180.0,top
U12,145.25,-187.25,0.0,bottom
U13,135.634,-163.1,0.0,top
U2,120.134,-179.8983,90.0,top
U3,134.134,-180.0,90.0,top
U4,116.384,-164.3,0.0,top
U5,126.0715,-163.1,0.0,top
U6,96.7952,-146.542421,270.0,top
U7,120.133998,-111.972496,0.0,top
U8,135.7801,-137.0452,270.0,top
U9,202.25,-162.5,270.0,top
XTAL1,138.25,-147.25,0.0,top
XTAL2,185.149999,-174.149999,180.0,top
